epoch,step,test_acc
0,0,0.9327651858329773
0,0,0.9210526347160339
