epoch,step,test_acc
0,0,0.9275568127632141
0,0,0.9210526347160339
