epoch,step,test_acc,test_loss
0,0,0.9327651858329773,0.15561212599277496
0,0,0.9210526347160339,0.673073947429657
